{
  "H": {
    "gain": -1.0999999999999943,
    "time": 1590785285,
    "amp": 2.5,
    "trend": 1,
    "period": 227,
    "half": 128,
    "val": 226.59999999999999
  },
  "C": {
    "trend": 1,
    "time": 1590785338,
    "val": 228.40000000000001
  },
  "updatecnt": [
    0,
    2091,
    18942,
    0,
    0
  ],
  "L": {
    "gain": 1,
    "time": 1590785323,
    "amp": -1.5,
    "trend": -1,
    "period": 166,
    "half": 38,
    "val": 225.09999999999999
  },
  "outhist": [
    11030,
    2436,
    710,
    523,
    874,
    597,
    166,
    126,
    164,
    173,
    208,
    140,
    121,
    85,
    81,
    141,
    117,
    31,
    14,
    12,
    15,
    13,
    8,
    7,
    11,
    1138
  ],
  "mode": 3
}